rank,file,t_sec,score,U,A,D,n_boxes,n_ambiguous,empty,selected
1,frame_0387.jpg,154.8,0.7021,0.7242,1.0,0.2,8,8,False,True
2,frame_0072.jpg,28.8,0.6884,0.6768,0.5,1.0,5,4,False,True
3,frame_0033.jpg,13.2,0.6788,0.5827,0.625,1.0,5,5,False,True
4,frame_0069.jpg,27.6,0.6788,0.5826,0.625,1.0,5,5,False,False
5,frame_0077.jpg,30.8,0.6715,0.616,0.625,0.88,5,5,False,True
6,frame_0131.jpg,52.4,0.6664,0.7988,0.25,0.96,3,2,False,True
7,frame_0070.jpg,28.0,0.6583,0.6165,0.5,1.0,4,4,False,False
8,frame_0130.jpg,52.0,0.658,0.723,0.375,0.92,3,3,False,False
9,frame_0129.jpg,51.6,0.648,0.644,0.5,0.88,6,4,False,False
10,frame_0123.jpg,49.2,0.6307,0.8554,0.25,0.64,4,2,False,True
11,frame_0079.jpg,31.6,0.6284,0.6368,0.5,0.8,5,4,False,False
12,frame_0073.jpg,29.2,0.6254,0.6258,0.375,1.0,6,3,False,False
13,frame_0010.jpg,4.0,0.6182,0.7614,0.125,1.0,1,1,False,True
14,frame_0011.jpg,4.4,0.6179,0.6857,0.25,1.0,2,2,False,False
15,frame_0290.jpg,116.0,0.6175,0.615,0.5,0.8,4,4,False,True
16,frame_0024.jpg,9.6,0.617,0.759,0.125,1.0,1,1,False,True
17,frame_0074.jpg,29.6,0.6166,0.6082,0.375,1.0,6,3,False,False
18,frame_0000.jpg,0.0,0.6156,0.6062,0.375,1.0,5,3,False,True
19,frame_0285.jpg,114.0,0.6013,0.6627,0.5,0.6,4,4,False,True
20,frame_0088.jpg,35.2,0.601,0.8761,0.25,0.44,3,2,False,True
21,frame_0289.jpg,115.6,0.5941,0.8093,0.125,0.76,3,1,False,False
22,frame_0294.jpg,117.6,0.5934,0.5987,0.5,0.72,4,4,False,False
23,frame_0173.jpg,69.2,0.5926,0.6662,0.625,0.36,5,5,False,False
24,frame_0367.jpg,146.8,0.5924,0.6278,0.875,0.08,8,7,False,False
25,frame_0067.jpg,26.8,0.5829,0.4657,0.5,1.0,5,4,False,False
26,frame_0376.jpg,150.4,0.5825,0.726,0.625,0.16,6,5,False,False
27,frame_0087.jpg,34.8,0.5755,0.8839,0.125,0.48,2,1,False,False
28,frame_0014.jpg,5.6,0.5744,0.5238,0.375,1.0,4,3,False,False
29,frame_0296.jpg,118.4,0.5726,0.6642,0.375,0.64,5,3,False,False
30,frame_0122.jpg,48.8,0.5686,0.6723,0.375,0.6,4,3,False,False
31,frame_0006.jpg,2.4,0.5659,0.6568,0.125,1.0,1,1,False,False
32,frame_0029.jpg,11.6,0.5555,0.486,0.375,1.0,5,3,False,False
33,frame_0021.jpg,8.4,0.5553,0.4856,0.375,1.0,4,3,False,False
34,frame_0001.jpg,0.4,0.5509,0.5517,0.25,1.0,5,2,False,False
35,frame_0020.jpg,8.0,0.5506,0.4761,0.375,1.0,4,3,False,False
36,frame_0210.jpg,84.0,0.5488,0.6755,0.25,0.68,2,2,False,False
37,frame_0217.jpg,86.8,0.5457,0.8564,0.125,0.4,1,1,False,False
38,frame_0031.jpg,12.4,0.5396,0.4543,0.375,1.0,5,3,False,False
39,frame_0306.jpg,122.4,0.5384,0.6059,0.625,0.24,7,5,False,False
40,frame_0071.jpg,28.4,0.538,0.4511,0.375,1.0,5,3,False,False
41,frame_0379.jpg,151.6,0.5379,0.6099,0.75,0.04,9,6,False,False
42,frame_0198.jpg,79.2,0.5352,0.8194,0.125,0.44,1,1,False,False
43,frame_0233.jpg,93.2,0.5336,0.7463,0.375,0.24,4,3,False,False
44,frame_0375.jpg,150.0,0.5297,0.6793,0.5,0.2,9,4,False,False
45,frame_0368.jpg,147.2,0.5279,0.5898,0.75,0.04,7,6,False,False
46,frame_0007.jpg,2.8,0.5253,0.5007,0.25,1.0,3,2,False,False
47,frame_0328.jpg,131.2,0.5252,0.6435,0.625,0.08,10,5,False,False
48,frame_0292.jpg,116.8,0.5218,0.5736,0.25,0.8,4,2,False,False
49,frame_0317.jpg,126.8,0.5185,0.732,0.375,0.2,6,3,False,False
50,frame_0284.jpg,113.6,0.5179,0.5868,0.375,0.56,5,3,False,False
51,frame_0004.jpg,1.6,0.5176,0.4852,0.25,1.0,5,2,False,False
52,frame_0030.jpg,12.0,0.5171,0.4091,0.375,1.0,5,3,False,False
53,frame_0377.jpg,150.8,0.517,0.6109,0.625,0.12,8,5,False,False
54,frame_0327.jpg,130.8,0.5157,0.6404,0.625,0.04,7,5,False,False
55,frame_0025.jpg,10.0,0.5143,0.5536,0.125,1.0,1,1,False,False
56,frame_0291.jpg,116.4,0.5121,0.4632,0.375,0.84,6,3,False,False
57,frame_0287.jpg,114.8,0.5116,0.6012,0.25,0.68,5,2,False,False
58,frame_0278.jpg,111.2,0.5113,0.5946,0.5,0.32,6,4,False,False
59,frame_0076.jpg,30.4,0.5098,0.4265,0.375,0.92,7,3,False,False
60,frame_0301.jpg,120.4,0.5052,0.5344,0.5,0.44,6,4,False,False
61,frame_0068.jpg,27.2,0.5046,0.4591,0.25,1.0,3,2,False,False
62,frame_0125.jpg,50.0,0.5042,0.4954,0.375,0.72,5,3,False,False
63,frame_0213.jpg,85.2,0.502,0.705,0.125,0.56,1,1,False,False
64,frame_0126.jpg,50.4,0.5012,0.5484,0.25,0.76,6,2,False,False
65,frame_0133.jpg,53.2,0.4999,0.4498,0.25,1.0,5,2,False,False
66,frame_0183.jpg,73.2,0.4989,0.7568,0.375,0.04,4,3,False,False
67,frame_0078.jpg,31.2,0.4962,0.5065,0.25,0.84,4,2,False,False
68,frame_0232.jpg,92.8,0.4956,0.6111,0.5,0.2,4,4,False,False
69,frame_0318.jpg,127.2,0.4956,0.5953,0.5,0.24,5,4,False,False
70,frame_0015.jpg,6.0,0.4903,0.5805,0.0,1.0,4,0,False,False
71,frame_0305.jpg,122.0,0.4885,0.5651,0.5,0.28,4,4,False,False
72,frame_0297.jpg,118.8,0.4877,0.5854,0.25,0.6,6,2,False,False
73,frame_0389.jpg,155.6,0.487,0.551,0.625,0.12,5,5,False,False
74,frame_0170.jpg,68.0,0.4863,0.4807,0.5,0.48,5,4,False,False
75,frame_0027.jpg,10.8,0.4857,0.4214,0.25,1.0,2,2,False,False
76,frame_0019.jpg,7.6,0.4795,0.484,0.125,1.0,2,1,False,False
77,frame_0209.jpg,83.6,0.4751,0.5123,0.25,0.72,3,2,False,False
78,frame_0293.jpg,117.2,0.4733,0.4925,0.25,0.76,4,2,False,False
79,frame_0216.jpg,86.4,0.4724,0.6939,0.125,0.44,2,1,False,False
80,frame_0009.jpg,3.6,0.4683,0.3867,0.25,1.0,2,2,False,False
81,frame_0298.jpg,119.2,0.468,0.4871,0.375,0.56,6,3,False,False
82,frame_0374.jpg,149.6,0.4651,0.6252,0.375,0.2,7,3,False,False
83,frame_0116.jpg,46.4,0.4637,0.5583,0.375,0.36,5,3,False,False
84,frame_0309.jpg,123.6,0.4631,0.6532,0.375,0.12,4,3,False,False
85,frame_0220.jpg,88.0,0.463,0.6639,0.25,0.28,2,2,False,False
86,frame_0108.jpg,43.2,0.4617,0.6074,0.5,0.04,5,4,False,False
87,frame_0275.jpg,110.0,0.4598,0.5396,0.5,0.2,5,4,False,False
88,frame_0089.jpg,35.6,0.4591,0.4581,0.5,0.4,5,4,False,False
89,frame_0378.jpg,151.2,0.4575,0.5079,0.625,0.08,9,5,False,False
90,frame_0195.jpg,78.0,0.4574,0.7119,0.125,0.32,2,1,False,False
91,frame_0286.jpg,114.4,0.4551,0.5043,0.25,0.64,5,2,False,False
92,frame_0075.jpg,30.0,0.4538,0.3736,0.25,0.96,5,2,False,False
93,frame_0028.jpg,11.2,0.4531,0.3563,0.25,1.0,3,2,False,False
94,frame_0121.jpg,48.4,0.4531,0.6073,0.125,0.56,4,1,False,False
95,frame_0276.jpg,110.4,0.4521,0.5081,0.5,0.24,6,4,False,False
96,frame_0113.jpg,45.2,0.4516,0.5073,0.5,0.24,4,4,False,False
97,frame_0320.jpg,128.0,0.4496,0.5783,0.375,0.24,6,3,False,False
98,frame_0397.jpg,158.8,0.4472,0.5144,0.5,0.2,6,4,False,False
99,frame_0185.jpg,74.0,0.4471,0.5622,0.5,0.08,5,4,False,False
100,frame_0124.jpg,49.6,0.4467,0.3965,0.375,0.68,6,3,False,False
101,frame_0307.jpg,122.8,0.4443,0.5086,0.5,0.2,7,4,False,False
102,frame_0096.jpg,38.4,0.4431,0.6132,0.375,0.12,6,3,False,False
103,frame_0281.jpg,112.4,0.4424,0.5588,0.25,0.44,3,2,False,False
104,frame_0132.jpg,52.8,0.4418,0.3335,0.25,1.0,4,2,False,False
105,frame_0288.jpg,115.2,0.4414,0.4448,0.25,0.72,5,2,False,False
106,frame_0280.jpg,112.0,0.4412,0.4974,0.375,0.4,5,3,False,False
107,frame_0175.jpg,70.0,0.4402,0.6184,0.25,0.28,5,2,False,False
108,frame_0329.jpg,131.6,0.4401,0.6233,0.375,0.08,6,3,False,False
109,frame_0184.jpg,73.6,0.4393,0.6216,0.375,0.08,6,3,False,False
110,frame_0112.jpg,44.8,0.4383,0.7215,0.125,0.2,3,1,False,False
111,frame_0167.jpg,66.8,0.4383,0.4116,0.375,0.6,4,3,False,False
112,frame_0128.jpg,51.2,0.4381,0.5402,0.0,0.84,4,0,False,False
113,frame_0202.jpg,80.8,0.4379,0.4109,0.375,0.6,3,3,False,False
114,frame_0393.jpg,157.2,0.4378,0.7846,0.125,0.04,1,1,False,False
115,frame_0168.jpg,67.2,0.4367,0.5745,0.125,0.56,4,1,False,False
116,frame_0394.jpg,157.6,0.4314,0.6057,0.375,0.08,3,3,False,False
117,frame_0390.jpg,156.0,0.4313,0.4556,0.625,0.08,6,5,False,False
118,frame_0304.jpg,121.6,0.4309,0.5089,0.375,0.32,5,3,False,False
119,frame_0218.jpg,87.2,0.4306,0.6422,0.125,0.36,2,1,False,False
120,frame_0008.jpg,3.2,0.4303,0.3106,0.25,1.0,3,2,False,False
121,frame_0013.jpg,5.2,0.4302,0.3854,0.125,1.0,2,1,False,False
122,frame_0302.jpg,120.8,0.4294,0.4739,0.375,0.4,5,3,False,False
123,frame_0169.jpg,67.6,0.4266,0.4953,0.25,0.52,6,2,False,False
124,frame_0208.jpg,83.2,0.4245,0.47,0.125,0.76,2,1,False,False
125,frame_0005.jpg,2.0,0.424,0.2981,0.25,1.0,5,2,False,False
126,frame_0308.jpg,123.2,0.4223,0.4805,0.5,0.16,5,4,False,False
127,frame_0085.jpg,34.0,0.4222,0.5453,0.125,0.56,2,1,False,False
128,frame_0176.jpg,70.4,0.4219,0.4478,0.5,0.24,7,4,False,False
129,frame_0398.jpg,159.2,0.4211,0.5212,0.375,0.24,4,3,False,False
130,frame_0211.jpg,84.4,0.4206,0.5102,0.125,0.64,2,1,False,False
131,frame_0023.jpg,9.2,0.4163,0.3576,0.125,1.0,1,1,False,False
132,frame_0177.jpg,70.8,0.4163,0.5277,0.375,0.2,5,3,False,False
133,frame_0012.jpg,4.8,0.4162,0.3573,0.125,1.0,2,1,False,False
134,frame_0231.jpg,92.4,0.416,0.5429,0.375,0.16,7,3,False,False
135,frame_0127.jpg,50.8,0.4152,0.3604,0.25,0.8,4,2,False,False
136,frame_0189.jpg,75.6,0.4147,0.6474,0.25,0.08,3,2,False,False
137,frame_0017.jpg,6.8,0.4126,0.3502,0.125,1.0,3,1,False,False
138,frame_0032.jpg,12.8,0.4106,0.3462,0.125,1.0,6,1,False,False
139,frame_0388.jpg,155.2,0.4088,0.4535,0.5,0.16,6,4,False,False
140,frame_0206.jpg,82.4,0.4071,0.5101,0.0,0.76,2,0,False,False
141,frame_0322.jpg,128.8,0.4071,0.4502,0.5,0.16,6,4,False,False
142,frame_0171.jpg,68.4,0.4049,0.4838,0.25,0.44,3,2,False,False
143,frame_0106.jpg,42.4,0.4042,0.4925,0.5,0.04,6,4,False,False
144,frame_0090.jpg,36.0,0.4035,0.438,0.375,0.36,5,3,False,False
145,frame_0115.jpg,46.0,0.4033,0.4536,0.375,0.32,4,3,False,False
146,frame_0333.jpg,133.2,0.4021,0.5472,0.375,0.08,6,3,False,False
147,frame_0300.jpg,120.0,0.3998,0.3827,0.375,0.48,5,3,False,False
148,frame_0385.jpg,154.0,0.3994,0.4189,0.5,0.2,5,4,False,False
149,frame_0095.jpg,38.0,0.3991,0.4342,0.5,0.16,6,4,False,False
150,frame_0103.jpg,41.2,0.3987,0.4333,0.5,0.16,5,4,False,False
151,frame_0330.jpg,132.0,0.3987,0.5564,0.375,0.04,7,3,False,False
152,frame_0179.jpg,71.6,0.395,0.517,0.375,0.12,4,3,False,False
153,frame_0332.jpg,132.8,0.3925,0.6189,0.25,0.04,5,2,False,False
154,frame_0269.jpg,107.6,0.3875,0.6089,0.25,0.04,4,2,False,False
155,frame_0321.jpg,128.4,0.3858,0.3916,0.5,0.2,6,4,False,False
156,frame_0114.jpg,45.6,0.3828,0.4287,0.375,0.28,6,3,False,False
157,frame_0224.jpg,89.6,0.3815,0.5649,0.25,0.12,3,2,False,False
158,frame_0026.jpg,10.4,0.3808,0.2865,0.125,1.0,2,1,False,False
159,frame_0230.jpg,92.0,0.3803,0.4876,0.375,0.12,5,3,False,False
160,frame_0299.jpg,119.6,0.3786,0.3991,0.25,0.52,4,2,False,False
161,frame_0268.jpg,107.2,0.3773,0.4976,0.375,0.08,4,3,False,False
162,frame_0283.jpg,113.2,0.3758,0.4686,0.125,0.52,4,1,False,False
163,frame_0018.jpg,7.2,0.3753,0.2756,0.125,1.0,4,1,False,False
164,frame_0279.jpg,111.6,0.375,0.456,0.25,0.36,6,2,False,False
165,frame_0203.jpg,81.2,0.3707,0.4853,0.0,0.64,3,0,False,False
166,frame_0194.jpg,77.6,0.3689,0.5508,0.125,0.28,2,1,False,False
167,frame_0303.jpg,121.2,0.3688,0.4435,0.25,0.36,4,2,False,False
168,frame_0022.jpg,8.8,0.3672,0.2594,0.125,1.0,2,1,False,False
169,frame_0199.jpg,79.6,0.3665,0.466,0.125,0.48,1,1,False,False
170,frame_0396.jpg,158.4,0.3662,0.5184,0.25,0.16,5,2,False,False
171,frame_0196.jpg,78.4,0.3654,0.5117,0.125,0.36,2,1,False,False
172,frame_0311.jpg,124.4,0.3646,0.4882,0.375,0.04,4,3,False,False
173,frame_0192.jpg,76.8,0.3641,0.4233,0.375,0.2,4,3,False,False
174,frame_0002.jpg,0.8,0.3639,0.2529,0.125,1.0,6,1,False,False
175,frame_0201.jpg,80.4,0.3634,0.3528,0.25,0.56,4,2,False,False
176,frame_0105.jpg,42.0,0.3614,0.4658,0.375,0.08,5,3,False,False
177,frame_0225.jpg,90.0,0.3594,0.4618,0.375,0.08,6,3,False,False
178,frame_0382.jpg,152.8,0.3581,0.4592,0.375,0.08,4,3,False,False
179,frame_0384.jpg,153.6,0.3578,0.4265,0.375,0.16,7,3,False,False
180,frame_0186.jpg,74.4,0.3568,0.5476,0.25,0.04,6,2,False,False
181,frame_0277.jpg,110.8,0.3503,0.4386,0.25,0.28,5,2,False,False
182,frame_0016.jpg,6.4,0.3445,0.2139,0.125,1.0,6,1,False,False
183,frame_0386.jpg,154.4,0.3445,0.4431,0.25,0.24,6,2,False,False
184,frame_0267.jpg,106.8,0.3436,0.4891,0.25,0.12,4,2,False,False
185,frame_0080.jpg,32.0,0.3415,0.304,0.125,0.76,4,1,False,False
186,frame_0117.jpg,46.8,0.3401,0.3701,0.25,0.4,5,2,False,False
187,frame_0273.jpg,109.2,0.3396,0.4812,0.25,0.12,3,2,False,False
188,frame_0174.jpg,69.6,0.3393,0.4006,0.25,0.32,5,2,False,False
189,frame_0109.jpg,43.6,0.3375,0.4179,0.375,0.08,3,3,False,False
190,frame_0091.jpg,36.4,0.3367,0.4704,0.125,0.32,3,1,False,False
191,frame_0181.jpg,72.4,0.3345,0.428,0.375,0.04,6,3,False,False
192,frame_0383.jpg,153.2,0.3311,0.3892,0.375,0.12,8,3,False,False
193,frame_0221.jpg,88.4,0.3251,0.4043,0.25,0.24,5,2,False,False
194,frame_0118.jpg,47.2,0.3241,0.3973,0.125,0.44,2,1,False,False
195,frame_0381.jpg,152.4,0.3239,0.4068,0.375,0.04,4,3,False,False
196,frame_0319.jpg,127.6,0.3235,0.385,0.25,0.28,7,2,False,False
197,frame_0081.jpg,32.4,0.3214,0.2797,0.125,0.72,3,1,False,False
198,frame_0101.jpg,40.4,0.3177,0.4534,0.25,0.08,3,2,False,False
199,frame_0193.jpg,77.2,0.3177,0.3895,0.25,0.24,4,2,False,False
200,frame_0274.jpg,109.6,0.3159,0.4928,0.125,0.16,5,1,False,False
201,frame_0180.jpg,72.0,0.3152,0.4484,0.25,0.08,4,2,False,False
202,frame_0223.jpg,89.2,0.3146,0.3402,0.375,0.16,5,3,False,False
203,frame_0371.jpg,148.4,0.3133,0.3696,0.375,0.08,5,3,False,False
204,frame_0295.jpg,118.0,0.3123,0.3526,0.0,0.68,6,0,False,False
205,frame_0084.jpg,33.6,0.3114,0.3077,0.125,0.6,2,1,False,False
206,frame_0316.jpg,126.4,0.3107,0.3325,0.375,0.16,5,3,False,False
207,frame_0229.jpg,91.6,0.3097,0.3624,0.375,0.08,7,3,False,False
208,frame_0204.jpg,81.6,0.3085,0.2701,0.125,0.68,2,1,False,False
209,frame_0282.jpg,112.8,0.3072,0.3473,0.125,0.48,4,1,False,False
210,frame_0100.jpg,40.0,0.3069,0.5227,0.125,0.04,2,1,False,False
211,frame_0092.jpg,36.8,0.3067,0.4265,0.125,0.28,2,1,False,False
212,frame_0222.jpg,88.8,0.3063,0.3826,0.25,0.2,5,2,False,False
213,frame_0214.jpg,85.6,0.3036,0.3242,0.125,0.52,2,1,False,False
214,frame_0219.jpg,87.6,0.3023,0.4016,0.125,0.32,3,1,False,False
215,frame_0003.jpg,1.2,0.3018,0.2035,0.0,1.0,5,0,False,False
216,frame_0200.jpg,80.0,0.2975,0.312,0.125,0.52,2,1,False,False
217,frame_0373.jpg,149.2,0.2974,0.4558,0.125,0.16,7,1,False,False
218,frame_0094.jpg,37.6,0.2972,0.3643,0.25,0.2,5,2,False,False
219,frame_0228.jpg,91.2,0.2972,0.4284,0.25,0.04,4,2,False,False
220,frame_0372.jpg,148.8,0.2959,0.3937,0.25,0.12,7,2,False,False
221,frame_0082.jpg,32.8,0.2934,0.2399,0.125,0.68,4,1,False,False
222,frame_0212.jpg,84.8,0.2914,0.2678,0.125,0.6,2,1,False,False
223,frame_0399.jpg,159.6,0.2913,0.3207,0.25,0.28,5,2,False,False
224,frame_0188.jpg,75.2,0.2876,0.4092,0.25,0.04,6,2,False,False
225,frame_0086.jpg,34.4,0.2811,0.2791,0.125,0.52,3,1,False,False
226,frame_0083.jpg,33.2,0.279,0.2269,0.125,0.64,3,1,False,False
227,frame_0104.jpg,41.6,0.2756,0.3531,0.25,0.12,3,2,False,False
228,frame_0111.jpg,44.4,0.2738,0.3336,0.25,0.16,3,2,False,False
229,frame_0098.jpg,39.2,0.2692,0.2974,0.375,0.04,6,3,False,False
230,frame_0119.jpg,47.6,0.2649,0.2628,0.125,0.48,2,1,False,False
231,frame_0102.jpg,40.8,0.2626,0.4021,0.125,0.12,2,1,False,False
232,frame_0215.jpg,86.0,0.2616,0.2561,0.125,0.48,3,1,False,False
233,frame_0097.jpg,38.8,0.261,0.34,0.25,0.08,5,2,False,False
234,frame_0391.jpg,156.4,0.2609,0.4307,0.125,0.04,3,1,False,False
235,frame_0207.jpg,82.8,0.2606,0.2011,0.0,0.8,2,0,False,False
236,frame_0191.jpg,76.4,0.259,0.3789,0.125,0.16,3,1,False,False
237,frame_0178.jpg,71.2,0.249,0.3591,0.125,0.16,5,1,False,False
238,frame_0226.jpg,90.4,0.249,0.3321,0.25,0.04,4,2,False,False
239,frame_0205.jpg,82.0,0.2481,0.2082,0.0,0.72,2,0,False,False
240,frame_0395.jpg,158.0,0.2452,0.2923,0.25,0.12,5,2,False,False
241,frame_0313.jpg,125.2,0.242,0.3929,0.125,0.04,3,1,False,False
242,frame_0310.jpg,124.0,0.2363,0.3656,0.125,0.08,5,1,False,False
243,frame_0172.jpg,68.8,0.2358,0.2366,0.125,0.4,4,1,False,False
244,frame_0093.jpg,37.2,0.2268,0.2827,0.125,0.24,2,1,False,False
245,frame_0324.jpg,129.6,0.2193,0.3315,0.125,0.08,2,1,False,False
246,frame_0323.jpg,129.2,0.219,0.315,0.125,0.12,4,1,False,False
247,frame_0314.jpg,125.6,0.2174,0.3278,0.125,0.08,5,1,False,False
248,frame_0325.jpg,130.0,0.2163,0.2666,0.25,0.04,4,2,False,False
249,frame_0370.jpg,148.0,0.2162,0.2664,0.25,0.04,7,2,False,False
250,frame_0271.jpg,108.4,0.2123,0.3335,0.125,0.04,4,1,False,False
251,frame_0120.jpg,48.0,0.2104,0.2127,0.0,0.52,3,0,False,False
252,frame_0197.jpg,78.8,0.1987,0.2374,0.0,0.4,1,0,False,False
253,frame_0272.jpg,108.8,0.1903,0.2735,0.125,0.08,3,1,False,False
254,frame_0190.jpg,76.0,0.1836,0.2443,0.125,0.12,4,1,False,False
255,frame_0315.jpg,126.0,0.1633,0.2786,0.0,0.12,5,0,False,False
256,frame_0110.jpg,44.0,0.0975,0.147,0.0,0.12,2,0,False,False
